tweet_text,Liked,Sentiment,Score
Wow... Loved this place.,1,positive,0.671265006
Crust is not good.,0,negative,0.221296296
Not tasty and the texture was just nasty.,0,negative,0.230485901
Stopped by during the late May bank holiday off Rick Steve recommendation and loved it.,1,positive,0.720221877
The selection on the menu was great and so were the prices.,1,positive,0.776984453
Now I am getting angry and I want my damn pho.,0,negative,0.060441248
Honeslty it didn't taste THAT fresh.),0,neutral,0.51190567
The potatoes were like rubber and you could tell they had been made up ahead of time being kept under a warmer.,0,positive,0.709037602
The fries were great too.,1,positive,0.670040131
A great touch.,1,positive,0.85687387
Service was very prompt.,1,neutral,0.563971817
Would not go back.,0,negative,0.284394473
The cashier had no care what so ever on what I had to say it still ended up being wayyy overpriced.,0,negative,0.074894421
"I tried the Cape Cod ravoli, chicken, with cranberry...mmmm!",1,positive,0.669299841
I was disgusted because I was pretty sure that was human hair.,0,negative,0.422114134
I was shocked because no signs indicate cash only.,0,negative,0.288224995
Highly recommended.,1,positive,0.719594836
Waitress was a little slow in service.,0,neutral,0.562113106
"This place is not worth your time, let alone Vegas.",0,negative,0.226775512
did not like at all.,0,negative,0.197304338
The Burrittos Blah!,0,positive,0.783940673
"The food, amazing.",1,positive,0.814313233
Service is also cute.,1,positive,0.737640798
I could care less... The interior is just beautiful.,1,positive,0.622044206
So they performed.,1,neutral,0.494061142
That's right....the red velvet cake.....ohhh this stuff is so good.,1,positive,0.737213492
They never brought a salad we asked for.,0,neutral,0.599679172
"This hole in the wall has great Mexican street tacos, and friendly staff.",1,positive,0.633074045
"Took an hour to get our food only 4 tables in restaurant my food was Luke warm, Our sever was running around like he was totally overwhelmed.",0,negative,0.437259972
The worst was the salmon sashimi.,0,neutral,0.465782851
"Also there are combos like a burger, fries, and beer for 23 which is a decent deal.",1,positive,0.837407768
This was like the final blow!,0,neutral,0.550447583
I found this place by accident and I could not be happier.,1,negative,0.111165628
"seems like a good quick place to grab a bite of some familiar pub food, but do yourself a favor and look elsewhere.",0,positive,0.78210628
"Overall, I like this place a lot.",1,positive,0.785489559
The only redeeming quality of the restaurant was that it was very inexpensive.,1,neutral,0.595897615
Ample portions and good prices.,1,positive,0.754602194
"Poor service, the waiter made me feel like I was stupid every time he came to the table.",0,negative,0.080618605
My first visit to Hiro was a delight!,1,positive,0.61646843
Service sucks.,0,negative,0.317981303
The shrimp tender and moist.,1,positive,0.712787092
There is not a deal good enough that would drag me into that establishment again.,0,negative,0.172005534
Hard to judge whether these sides were good because we were grossed out by the melted styrofoam and didn't want to eat it for fear of getting sick.,0,negative,0.018784605
"On a positive note, our server was very attentive and provided great service.",1,positive,0.782733381
"Frozen pucks of disgust, with some of the worst people behind the register.",0,positive,0.629925191
The only thing I did like was the prime rib and dessert section.,1,negative,0.439514637
It's too bad the food is so damn generic.,0,negative,0.102348372
"The burger is good beef, cooked just right.",1,positive,0.809974194
If you want a sandwich just go to any Firehouse!!!!!,1,positive,0.6918872
"My side Greek salad with the Greek dressing was so tasty, and the pita and hummus was very refreshing.",1,neutral,0.510428727
We ordered the duck rare and it was pink and tender on the inside with a nice char on the outside.,1,positive,0.923578978
He came running after us when he realized my husband had left his sunglasses on the table.,1,negative,0.186188743
Their chow mein is so good!,1,positive,0.642842948
"They have horrible attitudes towards customers, and talk down to each one when customers don't enjoy their food.",0,negative,0.175846249
The portion was huge!,1,neutral,0.591073096
"Loved it...friendly servers, great food, wonderful and imaginative menu.",1,positive,0.741075754
The Heart Attack Grill in downtown Vegas is an absolutely flat-lined excuse for a restaurant.,0,positive,0.848828971
Not much seafood and like 5 strings of pasta at the bottom.,0,negative,0.265191793
"The salad had just the right amount of sauce to not over power the scallop, which was perfectly cooked.",1,negative,0.141728148
"The ripped banana was not only ripped, but petrified and tasteless.",0,negative,0.100891113
At least think to refill my water before I struggle to wave you over for 10 minutes.,0,negative,0.401018262
This place receives stars for their APPETIZERS!!!,1,positive,0.622460902
The cocktails are all handmade and delicious.,1,positive,0.786912322
We'd definitely go back here again.,1,positive,0.694971681
We are so glad we found this place.,1,positive,0.858724296
"Great food and service, huge portions and they give a military discount.",1,positive,0.836736679
Always a great time at Dos Gringos!,1,positive,0.882277489
Update.....went back for a second time and it was still just as amazing,1,positive,0.679631293
We got the food and apparently they have never heard of salt and the batter on the fish was chewy.,0,negative,0.371340543
A great way to finish a great.,1,positive,0.950291932
"The deal included 5 tastings and 2 drinks, and Jeff went above and beyond what we expected.",1,positive,0.660482943
"Really, Really good rice, all the time.",1,positive,0.794892788
The service was meh.,0,neutral,0.570208669
"It took over 30 min to get their milkshake, which was nothing more than chocolate milk.",0,neutral,0.560030162
"I guess I should have known that this place would suck, because it is inside of the Excalibur, but I didn't use my common sense.",0,negative,0.015722536
The scallop dish is quite appalling for value as well.,0,positive,0.787784159
2 times - Very Bad Customer Service !,0,negative,0.425086111
The sweet potato fries were very good and seasoned well.,1,positive,0.86908859
Today is the second time I've been to their lunch buffet and it was pretty good.,1,positive,0.806773484
There is so much good food in Vegas that I feel cheated for wasting an eating opportunity by going to Rice and Company.,0,negative,0.362971395
Coming here is like experiencing an underwhelming relationship where both parties can't wait for the other person to ask to break up.,0,neutral,0.597756922
walked in and the place smelled like an old grease trap and only 2 others there eating.,0,neutral,0.511910737
The turkey and roast beef were bland.,0,positive,0.641383708
This place has it!,1,negative,0.40115279
The pan cakes everyone are raving about taste like a sugary disaster tailored to the palate of a six year old.,0,positive,0.881702185
I love the Pho and the spring rolls oh so yummy you have to try.,1,positive,0.866998494
The poor batter to meat ratio made the chicken tenders very unsatisfying.,0,neutral,0.538265049
All I have to say is the food was amazing!!!,1,positive,0.708222806
Omelets are to die for!,1,neutral,0.570982456
Everything was fresh and delicious!,1,positive,0.803115249
"In summary, this was a largely disappointing dining experience.",0,negative,0.389487773
"It's like a really sexy party in your mouth, where you're outrageously flirting with the hottest person at the party.",1,positive,0.932258129
"Never been to Hard Rock Casino before, WILL NEVER EVER STEP FORWARD IN IT AGAIN!",0,neutral,0.4572815
Best breakfast buffet!!!,1,positive,0.800748348
say bye bye to your tip lady!,0,positive,0.694254637
We'll never go again.,0,positive,0.642214179
Will be back again!,1,positive,0.704189062
Food arrived quickly!,1,positive,0.629733682
It was not good.,0,negative,0.287757695
"On the up side, their cafe serves really good food.",1,positive,0.796014011
"Our server was fantastic and when he found out the wife loves roasted garlic and bone marrow, he added extra to our meal and another marrow to go!",1,neutral,0.496440709
"The only good thing was our waiter, he was very helpful and kept the bloddy mary's coming.",1,positive,0.701812387
"Best Buffet in town, for the price you cannot beat it.",1,positive,0.757973135
"I LOVED their mussels cooked in this wine reduction, the duck was tender, and their potato dishes were delicious.",1,neutral,0.541328609
This is one of the better buffets that I have been to.,1,negative,0.432322145
So we went to Tigerlilly and had a fantastic afternoon!,1,neutral,0.584471047
"The food was delicious, our bartender was attentive and personable AND we got a great deal!",1,positive,0.862456501
The ambience is wonderful and there is music playing.,1,positive,0.675645113
Will go back next trip out.,1,positive,0.695174754
Sooooo good!!,1,positive,0.634776533
"REAL sushi lovers, let's be honest - Yama is not that good.",0,negative,0.362612724
"At least 40min passed in between us ordering and the food arriving, and it wasn't that busy.",0,negative,0.445632339
This is a really fantastic Thai restaurant which is definitely worth a visit.,1,positive,0.882096708
"Nice, spicy and tender.",1,positive,0.835991383
Good prices.,1,positive,0.739096403
Check it out.,1,positive,0.780577779
It was pretty gross!,0,positive,0.742487013
I've had better atmosphere.,0,neutral,0.52258265
Kind of hard to mess up a steak but they did.,0,negative,0.247170478
"Although I very much liked the look and sound of this place, the actual experience was a bit disappointing.",0,neutral,0.521708727
I just don't know how this place managed to served the blandest food I have ever eaten when they are preparing Indian cuisine.,0,negative,0.04182364
"Worst service to boot, but that is the least of their worries.",0,neutral,0.548702717
Service was fine and the waitress was friendly.,1,neutral,0.560531974
"The guys all had steaks, and our steak loving son who has had steak at the best and worst places said it was the best steak he's ever eaten.",1,positive,0.644677162
"We thought you'd have to venture further away to get good sushi, but this place really hit the spot that night.",1,negative,0.332547456
"Host staff were, for lack of a better word, BITCHES!",0,positive,0.704702795
Bland... Not a liking this place for a number of reasons and I don't want to waste time on bad reviewing.. I'll leave it at that...,0,negative,0.010791252
"Phenomenal food, service and ambiance.",1,positive,0.625871897
I wouldn't return.,0,neutral,0.459422827
"Definitely worth venturing off the strip for the pork belly, will return next time I'm in Vegas.",1,positive,0.925434649
This place is way too overpriced for mediocre food.,0,neutral,0.522502184
Penne vodka excellent!,1,positive,0.79475683
"They have a good selection of food including a massive meatloaf sandwich, a crispy chicken wrap, a delish tuna melt and some tasty burgers.",1,positive,0.88210541
The management is rude.,0,positive,0.633839846
"Delicious NYC bagels, good selections of cream cheese, real Lox with capers even.",1,positive,0.840400696
"Great Subway, in fact it's so good when you come here every other Subway will not meet your expectations.",1,positive,0.619702578
I had a seriously solid breakfast here.,1,neutral,0.482804507
This is one of the best bars with food in Vegas.,1,positive,0.896840215
"He was extremely rude and really, there are so many other restaurants I would love to dine at during a weekend in Vegas.",0,negative,0.440293133
My drink was never empty and he made some really great menu suggestions.,1,positive,0.68008244
Don't do it!!!!,0,negative,0.406388581
The waiter wasn't helpful or friendly and rarely checked on us.,0,positive,0.604841053
My husband and I ate lunch here and were very disappointed with the food and service.,0,negative,0.274573147
And the red curry had so much bamboo shoots and wasn't very tasty to me.,0,negative,0.298333585
Nice blanket of moz over top but i feel like this was done to cover up the subpar food.,1,negative,0.160205364
The bathrooms are clean and the place itself is well decorated.,1,positive,0.785958767
"The menu is always changing, food quality is going down & service is extremely slow.",0,neutral,0.451691717
"The service was a little slow , considering that were served by 3 people servers so the food was coming in a slow pace.",0,negative,0.232524648
I give it 2 thumbs down,0,neutral,0.479889482
We watched our waiter pay a lot more attention to other tables and ignore us.,0,positive,0.776681006
My fiancé and I came in the middle of the day and we were greeted and seated right away.,1,negative,0.103726037
This is a great restaurant at the Mandalay Bay.,1,positive,0.889183462
We waited for forty five minutes in vain.,0,positive,0.628984928
Crostini that came with the salad was stale.,0,positive,0.733997464
Some highlights : Great quality nigiri here!,1,positive,0.836950481
the staff is friendly and the joint is always clean.,1,positive,0.719638944
this was a different cut than the piece the other day but still wonderful and tender s well as well flavored.,1,neutral,0.495442569
I ordered the Voodoo pasta and it was the first time I'd had really excellent pasta since going gluten free several years ago.,1,positive,0.795904696
this place is good.,1,positive,0.732079268
"Unfortunately, we must have hit the bakery on leftover day because everything we ordered was STALE.",0,negative,0.310417384
I came back today since they relocated and still not impressed.,0,negative,0.05750091
I was seated immediately.,1,neutral,0.475183368
"Their menu is diverse, and reasonably priced.",1,neutral,0.587114036
Avoid at all cost!,0,neutral,0.57488668
Restaurant is always full but never a wait.,1,positive,0.613046229
DELICIOUS!!,1,positive,0.759172618
This place is hands-down one of the best places to eat in the Phoenix metro area.,1,positive,0.727305114
So don't go there if you are looking for good food...,0,positive,0.712236047
I've never been treated so bad.,0,negative,0.168210357
Bacon is hella salty.,1,positive,0.623798549
"We also ordered the spinach and avocado salad, the ingredients were sad and the dressing literally had zero taste.",0,neutral,0.549277425
"This really is how Vegas fine dining used to be, right down to the menus handed to the ladies that have no prices listed.",1,negative,0.26101777
The waitresses are very friendly.,1,positive,0.691936433
"Lordy, the Khao Soi is a dish that is not to be missed for curry lovers!",1,negative,0.097007833
Everything on the menu is terrific and we were also thrilled that they made amazing accommodations for our vegetarian daughter.,1,positive,0.801250339
"Perhaps I caught them on an off night judging by the other reviews, but I'm not inspired to go back.",0,negative,0.082446389
The service here leaves a lot to be desired.,0,neutral,0.461375594
"The atmosphere is modern and hip, while maintaining a touch of coziness.",1,neutral,0.467504442
"Not a weekly haunt, but definitely a place to come back to every once in a while.",1,negative,0.199688777
We literally sat there for 20 minutes with no one asking to take our order.,0,negative,0.388742685
"The burger had absolutely no flavor - the meat itself was totally bland, the burger was overcooked and there was no charcoal flavor.",0,negative,0.255833268
I also decided not to send it back because our waitress looked like she was on the verge of having a heart attack.,0,negative,0.062729046
I dressed up to be treated so rudely!,0,neutral,0.451394916
It was probably dirt.,0,neutral,0.505477369
"Love this place, hits the spot when I want something healthy but not lacking in quantity or flavor.",1,negative,0.150565907
I ordered the Lemon raspberry ice cocktail which was also incredible.,1,positive,0.750211239
"The food sucked, which we expected but it sucked more than we could have imagined.",0,negative,0.348753154
Interesting decor.,1,positive,0.805715024
What I really like there is the crepe station.,1,neutral,0.454438925
"Also were served hot bread and butter, and home made potato chips with bacon bits on top....very original and very good.",1,positive,0.875196576
you can watch them preparing the delicious food!),1,positive,0.858167827
Both of the egg rolls were fantastic.,1,positive,0.692773759
"When my order arrived, one of the gyros was missing.",0,negative,0.176145434
"I had a salad with the wings, and some ice cream for dessert and left feeling quite satisfied.",1,positive,0.637859821
I'm not really sure how Joey's was voted best hot dog in the Valley by readers of Phoenix Magazine.,0,negative,0.433603317
The best place to go for a tasty bowl of Pho!,1,positive,0.827767551
The live music on Fridays totally blows.,0,positive,0.681204557
I've never been more insulted or felt disrespected.,0,negative,0.421827495
Very friendly staff.,1,positive,0.710085332
It is worth the drive.,1,positive,0.750957847
"I had heard good things about this place, but it exceeding every hope I could have dreamed of.",1,negative,0.111455224
Food was great and so was the serivce!,1,positive,0.71110034
The warm beer didn't help.,0,negative,0.385502934
Great brunch spot.,1,positive,0.78910774
Service is friendly and inviting.,1,positive,0.600549877
Very good lunch spot.,1,positive,0.802455723
I've lived here since 1979 and this was the first (and last) time I've stepped foot into this place.,0,negative,0.232219949
The WORST EXPERIENCE EVER.,0,neutral,0.510679543
Must have been an off night at this place.,0,neutral,0.450099915
"The sides are delish - mixed mushrooms, yukon gold puree, white corn - beateous.",1,positive,0.756647289
"If that bug never showed up I would have given a 4 for sure, but on the other side of the wall where this bug was climbing was the kitchen.",0,negative,0.176934391
"For about 10 minutes, we we're waiting for her salad when we realized that it wasn't coming any time soon.",0,neutral,0.510386169
My friend loved the salmon tartar.,1,positive,0.678066492
Won't go back.,0,negative,0.17857568
Extremely Tasty!,1,positive,0.680029213
Waitress was good though!,1,positive,0.625791192
Soggy and not good.,0,negative,0.314770192
The Jamaican mojitos are delicious.,1,positive,0.780268788
Which are small and not worth the price.,0,negative,0.392292887
the food is rich so order accordingly.,1,positive,0.632923901
"The shower area is outside so you can only rinse, not take a full shower, unless you don't mind being nude for everyone to see!",0,positive,0.697597206
The service was a bit lacking.,0,positive,0.611179113
"Lobster Bisque, Bussell Sprouts, Risotto, Filet ALL needed salt and pepper..and of course there is none at the tables.",0,positive,0.812109709
Hopefully this bodes for them going out of business and someone who can cook can come in.,0,neutral,0.593767464
"It was either too cold, not enough flavor or just bad.",0,negative,0.058681007
I loved the bacon wrapped dates.,1,positive,0.78373611
This is an unbelievable BARGAIN!,1,neutral,0.59702909
The folks at Otto always make us feel so welcome and special.,1,positive,0.614161134
"As for the ""mains,"" also uninspired.",0,positive,0.788759768
This is the place where I first had pho and it was amazing!!,1,positive,0.761533141
This wonderful experience made this place a must-stop whenever we are in town again.,1,positive,0.67117399
"If the food isn't bad enough for you, then enjoy dealing with the world's worst/annoying drunk people.",0,positive,0.711158335
Very very fun chef.,1,neutral,0.535991013
"Ordered a double cheeseburger & got a single patty that was falling apart (picture uploaded) Yeah, still sucks.",0,negative,0.179620221
Great place to have a couple drinks and watch any and all sporting events as the walls are covered with TV's.,1,positive,0.857481301
"If it were possible to give them zero stars, they'd have it.",0,neutral,0.597974658
"The descriptions said ""yum yum sauce"" and another said ""eel sauce"", yet another said ""spicy mayo""...well NONE of the rolls had sauces on them.",0,neutral,0.575644851
"I'd say that would be the hardest decision... Honestly, all of M's dishes taste how they are supposed to taste (amazing).",1,positive,0.864523709
If she had not rolled the eyes we may have stayed... Not sure if we will go back and try it again.,0,negative,0.201496884
"Everyone is very attentive, providing excellent customer service.",1,positive,0.787098348
Horrible - don't waste your time and money.,0,negative,0.399027288
Now this dish was quite flavourful.,1,neutral,0.592930734
By this time our side of the restaurant was almost empty so there was no excuse.,0,neutral,0.465410858
"(It wasn't busy either) Also, the building was FREEZING cold.",0,negative,0.299090445
"like the other reviewer said ""you couldn't pay me to eat at this place again.""",0,negative,0.152066767
-Drinks took close to 30 minutes to come out at one point.,0,neutral,0.464159638
"Seriously flavorful delights, folks.",1,positive,0.641641378
Much better than the other AYCE sushi place I went to in Vegas.,1,positive,0.646043956
The lighting is just dark enough to set the mood.,1,positive,0.658900797
Based on the sub-par service I received and no effort to show their gratitude for my business I won't be going back.,0,negative,0.078421965
Owner's are really great people.!,1,positive,0.759389162
There is nothing privileged about working/eating there.,0,neutral,0.514470518
The Greek dressing was very creamy and flavorful.,1,positive,0.626023114
"Overall, I don't think that I would take my parents to this place again because they made most of the similar complaints that I silently felt too.",0,negative,0.074246049
Now the pizza itself was good the peanut sauce was very tasty.,1,positive,0.695090473
We had 7 at our table and the service was pretty fast.,1,neutral,0.587939143
Fantastic service here.,1,positive,0.650677145
I as well would've given godfathers zero stars if possible.,0,positive,0.727283537
They know how to make them here.,1,neutral,0.50147742
very tough and very short on flavor!,0,positive,0.604799926
I hope this place sticks around.,1,neutral,0.597629905
"I have been in more than a few bars in Vegas, and do not ever recall being charged for tap water.",0,negative,0.183441013
The restaurant atmosphere was exquisite.,1,positive,0.710902989
"Good service, very clean, and inexpensive, to boot!",1,positive,0.721211195
The seafood was fresh and generous in portion.,1,positive,0.740846813
"Plus, it's only 8 bucks.",1,neutral,0.529515028
"The service was not up to par, either.",0,negative,0.199360713
"Thus far, have only visited twice and the food was absolutely delicious each time.",1,positive,0.686099291
Just as good as when I had it more than a year ago!,1,neutral,0.57625562
"For a self proclaimed coffee cafe, I was wildly disappointed.",0,negative,0.285559863
The Veggitarian platter is out of this world!,1,neutral,0.493984491
You cant go wrong with any of the food here.,1,negative,0.322163135
You can't beat that.,1,neutral,0.53249681
"Stopped by this place while in Madison for the Ironman, very friendly, kind staff.",1,positive,0.721237481
The chefs were friendly and did a good job.,1,positive,0.867954552
"I've had better, not only from dedicated boba tea spots, but even from Jenni Pho.",0,negative,0.095940873
I liked the patio and the service was outstanding.,1,neutral,0.576685786
The goat taco didn't skimp on the meat and wow what FLAVOR!,1,negative,0.397942394
I think not again,0,negative,0.24901323
I had the mac salad and it was pretty bland so I will not be getting that again.,0,negative,0.118307196
I went to Bachi Burger on a friend's recommendation and was not disappointed.,1,negative,0.097843185
Service stinks here!,0,neutral,0.485170454
I waited and waited.,0,neutral,0.589103103
"This place is not quality sushi, it is not a quality restaurant.",0,negative,0.065686762
I would definitely recommend the wings as well as the pizza.,1,positive,0.873807967
Great Pizza and Salads!,1,positive,0.795554042
Things that went wrong: - They burned the saganaki.,0,negative,0.34685123
We waited an hour for what was a breakfast I could have done 100 times better at home.,0,negative,0.367701918
This place is amazing!,1,positive,0.739525735
"I hate to disagree with my fellow Yelpers, but my husband and I were so disappointed with this place.",0,negative,0.023094138
Waited 2 hours & never got either of our pizzas as many other around us who came in later did!,0,neutral,0.553375542
Just don't know why they were so slow.,0,negative,0.138843492
"The staff is great, the food is delish, and they have an incredible beer selection.",1,positive,0.758078933
"I live in the neighborhood so I am disappointed I won't be back here, because it is a convenient location.",0,negative,0.053501096
I didn't know pulled pork could be soooo delicious.,1,negative,0.241763979
"You get incredibly fresh fish, prepared with care.",1,positive,0.89050144
Before I go in to why I gave a 1 star rating please know that this was my third time eating at Bachi burger before writing a review.,0,negative,0.32357493
I love the fact that everything on their menu is worth it.,1,positive,0.865581214
Never again will I be dining at this place!,0,negative,0.385260671
The food was excellent and service was very good.,1,positive,0.81580925
Good beer & drink selection and good food selection.,1,positive,0.894248724
Please stay away from the shrimp stir fried noodles.,0,neutral,0.574068308
The potato chip order was sad... I could probably count how many chips were in that box and it was probably around 12.,0,negative,0.079281569
Food was really boring.,0,negative,0.389076233
Good Service-check!,1,positive,0.72450012
This greedy corporation will NEVER see another dime from me!,0,negative,0.363742054
"Will never, ever go back.",0,neutral,0.495592505
"As much as I'd like to go back, I can't get passed the atrocious service and will never return.",0,negative,0.13734901
"In the summer, you can dine in a charming outdoor patio - so very delightful.",1,positive,0.766682327
I did not expect this to be so good!,1,negative,0.161076963
Fantastic food!,1,positive,0.72560811
She ordered a toasted English muffin that came out untoasted.,0,positive,0.648747623
The food was very good.,1,positive,0.7359038
Never going back.,0,neutral,0.469325185
"Great food for the price, which is very high quality and house made.",1,positive,0.856609643
The bus boy on the other hand was so rude.,0,negative,0.441916615
"By this point, my friends and I had basically figured out this place was a joke and didn't mind making it publicly and loudly known.",0,negative,0.111902811
"Back to good BBQ, lighter fare, reasonable pricing and tell the public they are back to the old ways.",1,neutral,0.546749055
"And considering the two of us left there very full and happy for about $20, you just can't go wrong.",1,negative,0.346240282
All the bread is made in-house!,1,positive,0.673474669
The only downside is the service.,0,neutral,0.562264621
"Also, the fries are without a doubt the worst fries I've ever had.",0,negative,0.333673358
Service was exceptional and food was a good as all the reviews.,1,positive,0.771429777
"A couple of months later, I returned and had an amazing meal.",1,positive,0.781838715
Favorite place in town for shawarrrrrrma!!!!!!,1,positive,0.738426149
The black eyed peas and sweet potatoes... UNREAL!,1,positive,0.640177965
You won't be disappointed.,1,negative,0.151063636
"They could serve it with just the vinaigrette and it may make for a better overall dish, but it was still very good.",1,neutral,0.51890099
"I go to far too many places and I've never seen any restaurant that serves a 1 egg breakfast, especially for $4.00.",0,negative,0.397922039
When my mom and I got home she immediately got sick and she only had a few bites of salad.,0,negative,0.041104019
The servers are not pleasant to deal with and they don't always honor Pizza Hut coupons.,0,negative,0.062285632
"Both of them were truly unbelievably good, and I am so glad we went back.",1,positive,0.782806993
"We had fantastic service, and were pleased by the atmosphere.",1,neutral,0.588805556
Everything was gross.,0,neutral,0.541610956
I love this place.,1,positive,0.850078702
Great service and food.,1,positive,0.798328102
First - the bathrooms at this location were dirty- Seat covers were not replenished & just plain yucky!!!,0,negative,0.200097725
"The burger... I got the ""Gold Standard"" a $17 burger and was kind of disappointed.",0,negative,0.265954316
"OMG, the food was delicioso!",1,positive,0.604581237
There is nothing authentic about this place.,0,neutral,0.513251603
the spaghetti is nothing special whatsoever.,0,positive,0.621489406
"Of all the dishes, the salmon was the best, but all were great.",1,positive,0.748937309
The vegetables are so fresh and the sauce feels like authentic Thai.,1,positive,0.705405951
It's worth driving up from Tucson!,1,positive,0.723726153
The selection was probably the worst I've seen in Vegas.....there was none.,0,negative,0.16936335
Pretty good beer selection too.,1,positive,0.848344743
"This place is like Chipotle, but BETTER.",1,neutral,0.466436744
"Classy/warm atmosphere, fun and fresh appetizers, succulent steaks (Baseball steak!!!!!",1,positive,0.849883795
5 stars for the brick oven bread app!,1,positive,0.712880313
"I have eaten here multiple times, and each time the food was delicious.",1,negative,0.358208328
We sat another ten minutes and finally gave up and left.,0,positive,0.638367474
He was terrible!,0,neutral,0.50540185
Everyone is treated equally special.,1,positive,0.734959424
It shouldn't take 30 min for pancakes and eggs.,0,neutral,0.577057123
It was delicious!!!,1,positive,0.737540722
"On the good side, the staff was genuinely pleasant and enthusiastic - a real treat.",1,positive,0.871800244
"Sadly, Gordon Ramsey's Steak is a place we shall sharply avoid during our next trip to Vegas.",0,negative,0.444870353
As always the evening was wonderful and the food delicious!,1,positive,0.938217223
Best fish I've ever had in my life!,1,neutral,0.469573408
(The bathroom is just next door and very nice.),1,positive,0.819157779
The buffet is small and all the food they offered was BLAND.,0,neutral,0.492157131
This is an Outstanding little restaurant with some of the Best Food I have ever tasted.,1,positive,0.881318152
Pretty cool I would say.,1,positive,0.864735126
Definitely a turn off for me & i doubt I'll be back unless someone else is buying.,0,positive,0.62398392
Server did a great job handling our large rowdy table.,1,positive,0.859078705
"I find wasting food to be despicable, but this just wasn't food.",0,negative,0.143731758
My wife had the Lobster Bisque soup which was lukewarm.,0,negative,0.39664048
Would come back again if I had a sushi craving while in Vegas.,1,negative,0.32622394
"The staff are great, the ambiance is great.",1,positive,0.913085938
He deserves 5 stars.,1,positive,0.698582768
I left with a stomach ache and felt sick the rest of the day.,0,negative,0.174368128
They dropped more than the ball.,0,neutral,0.575914145
"The dining space is tiny, but elegantly decorated and comfortable.",1,positive,0.60139066
"They will customize your order any way you'd like, my usual is Eggplant with Green Bean stir fry, love it!",1,positive,0.935360849
And the beans and rice were mediocre at best.,0,positive,0.709145904
Best tacos in town by far!!,1,positive,0.742884099
I took back my money and got outta there.,0,negative,0.203373119
"In an interesting part of town, this place is amazing.",1,positive,0.772677302
RUDE & INCONSIDERATE MANAGEMENT.,0,positive,0.652406216
"The staff are now not as friendly, the wait times for being served are horrible, no one even says hi for the first 10 minutes.",0,negative,0.406781167
I won't be back.,0,negative,0.249582067
They have great dinners.,1,positive,0.711063683
The service was outshining & I definitely recommend the Halibut.,1,positive,0.707399845
The food was terrible.,0,neutral,0.550151527
WILL NEVER EVER GO BACK AND HAVE TOLD MANY PEOPLE WHAT HAD HAPPENED.,0,negative,0.230675295
I don't recommend unless your car breaks down in front of it and you are starving.,0,negative,0.265703619
I will come back here every time I'm in Vegas.,1,neutral,0.450786561
This place deserves one star and 90% has to do with the food.,0,negative,0.371801853
This is a disgrace.,0,positive,0.663481057
Def coming back to bowl next time,1,neutral,0.554799139
"If you want healthy authentic or ethic food, try this place.",1,positive,0.830616415
I will continue to come here on ladies night andddd date night ... highly recommend this place to anyone who is in the area.,1,positive,0.841370881
"I have been here several times in the past, and the experience has always been great.",1,negative,0.209289327
We walked away stuffed and happy about our first Vegas buffet experience.,1,positive,0.805026591
Service was excellent and prices are pretty reasonable considering this is Vegas and located inside the Crystals shopping mall by Aria.,1,positive,0.770383298
"To summarize... the food was incredible, nay, transcendant... but nothing brings me joy quite like the memory of the pneumatic condiment dispenser.",1,negative,0.342065543
I'm probably one of the few people to ever go to Ians and not like it.,0,negative,0.175296202
Kids pizza is always a hit too with lots of great side dish options for the kiddos!,1,positive,0.900817931
Service is perfect and the family atmosphere is nice to see.,1,positive,0.862045288
Cooked to perfection and the service was impeccable.,1,neutral,0.559593022
This one is simply a disappointment.,0,neutral,0.483072609
"Overall, I was very disappointed with the quality of food at Bouchon.",0,negative,0.226890072
I don't have to be an accountant to know I'm getting screwed!,0,negative,0.045137316
"Great place to eat, reminds me of the little mom and pop shops in the San Francisco Bay Area.",1,positive,0.755673647
Today was my first taste of a Buldogis Gourmet Hot Dog and I have to tell you it was more than I ever thought possible.,1,negative,0.344155043
Left very frustrated.,0,neutral,0.566340387
I'll definitely be in soon again.,1,positive,0.82132417
Food was really good and I got full petty fast.,1,positive,0.693831623
Service was fantastic.,1,positive,0.615640104
TOTAL WASTE OF TIME.,0,positive,0.677459836
I don't know what kind it is but they have the best iced tea.,1,negative,0.226960137
"Come hungry, leave happy and stuffed!",1,positive,0.658833802
"For service, I give them no stars.",0,neutral,0.574502587
I can assure you that you won't be disappointed.,1,negative,0.206488788
I can take a little bad service but the food sucks.,0,negative,0.089330181
Gave up trying to eat any of the crust (teeth still sore).,0,negative,0.232266128
But now I was completely grossed out.,0,negative,0.189064994
I really enjoyed eating here.,1,neutral,0.504802585
First time going but I think I will quickly become a regular.,1,positive,0.712753236
"Our server was very nice, and even though he looked a little overwhelmed with all of our needs, he stayed professional and friendly until the end.",1,positive,0.61316222
From what my dinner companions told me...everything was very fresh with nice texture and taste.,1,positive,0.852146685
"On the ground, right next to our table was a large, smeared, been-stepped-in-and-tracked-everywhere pile of green bird poop.",0,neutral,0.488714606
"Furthermore, you can't even find hours of operation on the website!",0,negative,0.39229244
We've tried to like this place but after 10+ times I think we're done with them.,0,neutral,0.469459146
What a mistake that was!,0,positive,0.624403954
No complaints!,1,positive,0.614511788
This is some seriously good pizza and I'm an expert/connisseur on the topic.,1,positive,0.762052119
Waiter was a jerk.,0,neutral,0.574028254
"Strike 2, who wants to be rushed.",0,neutral,0.501262963
These are the nicest restaurant owners I've ever come across.,1,positive,0.769426346
I never come again.,0,negative,0.39773491
We loved the biscuits!!!,1,positive,0.777130485
Service is quick and friendly.,1,positive,0.600550056
Ordered an appetizer and took 40 minutes and then the pizza another 10 minutes.,0,positive,0.65667963
So absolutley fantastic.,1,positive,0.658290863
It was a huge awkward 1.5lb piece of cow that was 3/4ths gristle and fat.,0,positive,0.676919401
definitely will come back here again.,1,positive,0.717365146
I like Steiners because it's dark and it feels like a bar.,1,positive,0.645346284
Wow very spicy but delicious.,1,positive,0.666413844
"If you're not familiar, check it out.",1,positive,0.749389648
I'll take my business dinner dollars elsewhere.,0,positive,0.749572515
I'd love to go back.,1,positive,0.612628996
"Anyway, this FS restaurant has a wonderful breakfast/lunch.",1,positive,0.809828401
Nothing special.,0,positive,0.667471051
Each day of the week they have a different deal and it's all so delicious!,1,positive,0.683263958
"Not to mention the combination of pears, almonds and bacon is a big winner!",1,neutral,0.473940581
Will not be back.,0,negative,0.380016357
Sauce was tasteless.,0,positive,0.600320935
"The food is delicious and just spicy enough, so be sure to ask for spicier if you prefer it that way.",1,positive,0.971828401
My ribeye steak was cooked perfectly and had great mesquite flavor.,1,positive,0.604028523
I don't think we'll be going back anytime soon.,0,negative,0.41200006
Food was so gooodd.,1,neutral,0.548071682
I am far from a sushi connoisseur but I can definitely tell the difference between good food and bad food and this was certainly bad food.,0,negative,0.362913162
I was so insulted.,0,negative,0.422317237
The last 3 times I had lunch here has been bad.,0,negative,0.11553634
The chicken wings contained the driest chicken meat I have ever eaten.,0,negative,0.374544799
"The food was very good and I enjoyed every mouthful, an enjoyable relaxed venue for couples small family groups etc.",1,positive,0.794304252
Nargile - I think you are great.,1,positive,0.919388115
Best tater tots in the southwest.,1,positive,0.754735589
We loved the place.,1,positive,0.777130485
Definitely not worth the $3 I paid.,0,negative,0.44378069
The vanilla ice cream was creamy and smooth while the profiterole (choux) pastry was fresh enough.,1,positive,0.746956706
Im in AZ all the time and now have my new spot.,1,neutral,0.556242168
The manager was the worst.,0,negative,0.436084002
The inside is really quite nice and very clean.,1,positive,0.641020775
The food was outstanding and the prices were very reasonable.,1,neutral,0.537234485
I don't think I'll be running back to Carly's anytime soon for food.,0,negative,0.319896162
"This is was due to the fact that it took 20 minutes to be acknowledged, then another 35 minutes to get our food...and they kept forgetting things.",0,negative,0.176311165
"Love the margaritas, too!",1,positive,0.820881009
This was my first and only Vegas buffet and it did not disappoint.,1,negative,0.133472651
"Very good, though!",1,positive,0.658380449
The one down note is the ventilation could use some upgrading.,0,positive,0.672464013
Great pork sandwich.,1,positive,0.826286077
Don't waste your time here.,0,negative,0.421002716
"Total letdown, I would much rather just go to the Camelback Flower Shop and Cartel Coffee.",0,neutral,0.527971089
"Third, the cheese on my friend's burger was cold.",0,neutral,0.5203107
We enjoy their pizza and brunch.,1,positive,0.782722235
The steaks are all well trimmed and also perfectly cooked.,1,positive,0.826107979
We had a group of 70+ when we claimed we would only have 40 and they handled us beautifully.,1,negative,0.170741335
I LOVED it!,1,positive,0.72245425
We asked for the bill to leave without eating and they didn't bring that either.,0,negative,0.122837767
"This place is a jewel in Las Vegas, and exactly what I've been hoping to find in nearly ten years living here.",1,negative,0.330405474
Seafood was limited to boiled shrimp and crab legs but the crab legs definitely did not taste fresh.,0,negative,0.303366095
The selection of food was not the best.,0,neutral,0.479667723
Delicious and I will absolutely be back!,1,positive,0.815622926
"This isn't a small family restaurant, this is a fine dining establishment.",1,negative,0.309168369
They had a toro tartare with a cavier that was extraordinary and I liked the thinly sliced wagyu with white truffle.,1,positive,0.676249683
I dont think I will be back for a very long time.,0,negative,0.377391994
"It was attached to a gas station, and that is rarely a good sign.",0,positive,0.64322257
How awesome is that.,1,positive,0.866273999
I will be back many times soon.,1,positive,0.710140705
The menu had so much good stuff on it i could not decide!,1,negative,0.184060171
"Worse of all, he humiliated his worker right in front of me..Bunch of horrible name callings.",0,negative,0.357874423
CONCLUSION: Very filling meals.,1,positive,0.658321023
Their daily specials are always a hit with my group.,1,positive,0.828130126
And then tragedy struck.,0,positive,0.737024128
The pancake was also really good and pretty large at that.,1,positive,0.822405517
"This was my first crawfish experience, and it was delicious!",1,positive,0.601537466
Their monster chicken fried steak and eggs is my all time favorite.,1,positive,0.73807776
Waitress was sweet and funny.,1,positive,0.806034923
"I also had to taste my Mom's multi-grain pumpkin pancakes with pecan butter and they were amazing, fluffy, and delicious!",1,positive,0.634029746
"I'd rather eat airline food, seriously.",0,neutral,0.543053091
Cant say enough good things about this place.,1,neutral,0.556704402
The ambiance was incredible.,1,positive,0.63574791
The waitress and manager are so friendly.,1,neutral,0.571228743
I would not recommend this place.,0,negative,0.26652199
Overall I wasn't very impressed with Noca.,0,neutral,0.468655974
My gyro was basically lettuce only.,0,negative,0.361868441
Terrible service!,0,neutral,0.526683867
Thoroughly disappointed!,0,negative,0.4359999
"I don't each much pasta, but I love the homemade /hand made pastas and thin pizzas here.",1,neutral,0.574952364
"Give it a try, you will be happy you did.",1,positive,0.975406349
By far the BEST cheesecurds we have ever had!,1,positive,0.705193818
Reasonably priced also!,1,positive,0.670844316
Everything was perfect the night we were in.,1,positive,0.631770432
The food is very good for your typical bar food.,1,positive,0.88555181
it was a drive to get there.,0,positive,0.63175869
"At first glance it is a lovely bakery cafe - nice ambiance, clean, friendly staff.",1,positive,0.94589889
"Anyway, I do not think i will go back there.",0,negative,0.22301966
"Point your finger at any item on the menu, order it and you won't be disappointed.",1,negative,0.166163757
"Oh this is such a thing of beauty, this restaurant.",1,positive,0.68339318
If you haven't gone here GO NOW!,1,positive,0.601233959
"A greasy, unhealthy meal.",0,positive,0.676614285
first time there and might just be the last.,0,positive,0.912000775
Those burgers were amazing.,1,positive,0.766579688
"Similarly, the delivery man did not say a word of apology when our food was 45 minutes late.",0,negative,0.325513899
And it was way to expensive.,0,neutral,0.552845061
"Be sure to order dessert, even if you need to pack it to-go - the tiramisu and cannoli are both to die for.",1,positive,0.688923955
This was my first time and I can't wait until the next.,1,neutral,0.587778091
The bartender was also nice.,1,positive,0.818310142
Everything was good and tasty!,1,positive,0.811815977
This place is two thumbs up....way up.,1,neutral,0.575430274
"The best place in Vegas for breakfast (just check out a Sat, or Sun.",1,positive,0.926569402
"If you love authentic Mexican food and want a whole bunch of interesting, yet delicious meats to choose from, you need to try this place.",1,positive,0.969734967
Terrible management.,0,neutral,0.594136119
An excellent new restaurant by an experienced Frenchman.,1,positive,0.899514437
If there were zero stars I would give it zero stars.,0,positive,0.636736453
"Great steak, great sides, great wine, amazing desserts.",1,positive,0.97046417
Worst martini ever!,0,neutral,0.554346859
The steak and the shrimp are in my opinion the best entrees at GC.,1,positive,0.764257729
I had the opportunity today to sample your amazing pizzas!,1,positive,0.781508625
We waited for thirty minutes to be seated (although there were 8 vacant tables and we were the only folks waiting).,0,neutral,0.498457104
The yellowtail carpaccio was melt in your mouth fresh.,1,positive,0.786270678
I won't try going back there even if it's empty.,0,negative,0.272307694
"No, I'm going to eat the potato that I found some strangers hair in it.",0,neutral,0.586072028
Just spicy enough.. Perfect actually.,1,positive,0.806235254
Last night was my second time dining here and I was so happy I decided to go back!,1,negative,0.349434853
"not even a ""hello, we will be right with you.""",0,positive,0.62250489
The desserts were a bit strange.,0,positive,0.6717363
My boyfriend and I came here for the first time on a recent trip to Vegas and could not have been more pleased with the quality of food and service.,1,negative,0.334422082
"I really do recommend this place, you can go wrong with this donut place!",1,neutral,0.504556239
Nice ambiance.,1,positive,0.830548525
I would recommend saving room for this!,1,neutral,0.593874693
I guess maybe we went on an off night but it was disgraceful.,0,neutral,0.475259006
"However, my recent experience at this particular location was not so good.",0,negative,0.09023729
"I know this is not like the other restaurants at all, something is very off here!",0,negative,0.051517975
AVOID THIS ESTABLISHMENT!,0,positive,0.617159665
I think this restaurant suffers from not trying hard enough.,0,negative,0.2241157
All of the tapas dishes were delicious!,1,positive,0.730356932
I *heart* this place.,1,neutral,0.572786212
My salad had a bland vinegrette on the baby greens and hearts of Palm.,0,neutral,0.483626515
After two I felt disgusting.,0,negative,0.438575685
A good time!,1,positive,0.868694842
I believe that this place is a great stop for those with a huge belly and hankering for sushi.,1,positive,0.918447971
Generous portions and great taste.,1,positive,0.860751271
I will never go back to this place and will never ever recommended this place to anyone!,0,negative,0.173755154
"The servers went back and forth several times, not even so much as an ""Are you being helped?""",0,negative,0.199971765
Food was delicious!,1,positive,0.708219171
AN HOUR... seriously?,0,neutral,0.564644456
I consider this theft.,0,positive,0.618167818
Eew... This location needs a complete overhaul.,0,neutral,0.571406841
We recently witnessed her poor quality of management towards other guests as well.,0,positive,0.651002467
Waited and waited and waited.,0,positive,0.640937328
"He also came back to check on us regularly, excellent service.",1,positive,0.686864913
Our server was super nice and checked on us many times.,1,positive,0.791574359
"The pizza tasted old, super chewy in not a good way.",0,neutral,0.481291175
I swung in to give them a try but was deeply disappointed.,0,negative,0.165917963
Service was good and the company was better!,1,positive,0.748681545
The staff are also very friendly and efficient.,1,positive,0.749860585
"As for the service: I'm a fan, because it's quick and you're being served by some nice folks.",1,positive,0.977828324
Boy was that sucker dry!!.,0,neutral,0.562799335
Over rated.,0,neutral,0.575990915
"If you look for authentic Thai food, go else where.",0,positive,0.891105652
Their steaks are 100% recommended!,1,positive,0.669448912
After I pulled up my car I waited for another 15 minutes before being acknowledged.,0,negative,0.1722489
Great food and great service in a clean and friendly setting.,1,positive,0.891668797
"All in all, I can assure you I'll be back.",1,positive,0.770055771
I hate those things as much as cheap quality black olives.,0,negative,0.325666636
"My breakfast was perpared great, with a beautiful presentation of 3 giant slices of Toast, lightly dusted with powdered sugar.",1,positive,0.92374599
The kids play area is NASTY!,0,neutral,0.531556129
Great place fo take out or eat in.,1,positive,0.777101099
The waitress was friendly and happy to accomodate for vegan/veggie options.,1,positive,0.876652598
OMG I felt like I had never eaten Thai food until this dish.,1,negative,0.080117211
"It was extremely ""crumby"" and pretty tasteless.",0,positive,0.695055127
It was a pale color instead of nice and char and has NO flavor.,0,neutral,0.559907377
The croutons also taste homemade which is an extra plus.,1,positive,0.780430138
I got home to see the driest damn wings ever!,0,neutral,0.454706818
It'll be a regular stop on my trips to Phoenix!,1,positive,0.621143758
I really enjoyed Crema Café before they expanded. I even told friends they had the BEST breakfast.,1,negative,0.366835624
Not good for the money.,0,negative,0.402872056
I miss it and wish they had one in Philadelphia!,1,negative,0.120483793
"We got sitting fairly fast, but, ended up waiting 40 minutes just to place our order, another 30 minutes before the food arrived.",0,negative,0.317973822
They also have the best cheese crisp in town.,1,positive,0.734647751
"Good value, great food, great service.",1,positive,0.898544014
Couldn't ask for a more satisfying meal.,1,neutral,0.572311997
The food is good.,1,positive,0.78202033
It was awesome.,1,positive,0.845199287
I just wanted to leave.,0,negative,0.258365989
We made the drive all the way from North Scottsdale... and I was not one bit disappointed!,1,negative,0.102430068
I will not be eating there again.,0,negative,0.262492418
!....THE OWNERS REALLY REALLY need to quit being soooooo cheap let them wrap my freaking sandwich in two papers not one!,0,negative,0.049748145
I checked out this place a couple years ago and was not impressed.,0,negative,0.154351518
"The chicken I got was definitely reheated and was only ok, the wedges were cold and soggy.",0,negative,0.305367857
"Sorry, I will not be getting food from here anytime soon :(",0,negative,0.098638318
An absolute must visit!,1,positive,0.699285269
The cow tongue and cheek tacos are amazing.,1,positive,0.781107724
My friend did not like his Bloody Mary.,0,negative,0.135931373
"Despite how hard I rate businesses, its actually rare for me to give a 1 star.",0,positive,0.635279119
They really want to make your experience a good one.,1,positive,0.728366792
I will not return.,0,negative,0.311711609
I had the chicken Pho and it tasted very bland.,0,negative,0.395914763
Very disappointing!!!,0,neutral,0.526801884
The grilled chicken was so tender and yellow from the saffron seasoning.,1,positive,0.613917053
"a drive thru means you do not want to wait around for half an hour for your food, but somehow when we end up going here they make us wait and wait.",0,negative,0.10937614
Pretty awesome place.,1,positive,0.901982784
Ambience is perfect.,1,positive,0.681034625
Best of luck to the rude and non-customer service focused new management.,0,positive,0.801481426
Any grandmother can make a roasted chicken better than this one.,0,positive,0.804342508
I asked multiple times for the wine list and after some time of being ignored I went to the hostess and got one myself.,0,positive,0.728909731
"The staff is always super friendly and helpful, which is especially cool when you bring two small boys and a baby!",1,positive,0.849974513
Four stars for the food & the guy in the blue shirt for his great vibe & still letting us in to eat !,1,positive,0.876196086
The roast beef sandwich tasted really good!,1,positive,0.819338441
"Same evening, him and I are both drastically sick.",0,neutral,0.48638764
High-quality chicken on the chicken Caesar salad.,1,positive,0.679548323
Ordered burger rare came in we'll done.,0,positive,0.82060945
We were promptly greeted and seated.,1,positive,0.630431414
Tried to go here for lunch and it was a madhouse.,0,neutral,0.465970069
"I was proven dead wrong by this sushi bar, not only because the quality is great, but the service is fast and the food, impeccable.",1,negative,0.038198873
"After waiting an hour and being seated, I was not in the greatest of moods.",0,negative,0.079571612
This is a good joint.,1,positive,0.811383784
The Macarons here are insanely good.,1,positive,0.7324422
I'm not eating here!,0,negative,0.236828193
"Our waiter was very attentive, friendly, and informative.",1,positive,0.613077044
Maybe if they weren't cold they would have been somewhat edible.,0,negative,0.291561037
This place has a lot of promise but fails to deliver.,0,negative,0.243659496
Very bad Experience!,0,neutral,0.499508858
What a mistake.,0,positive,0.683451951
Food was average at best.,0,positive,0.663177609
Great food.,1,positive,0.78910774
We won't be going back anytime soon!,0,negative,0.270183325
Very Very Disappointed ordered the $35 Big Bay Plater.,0,neutral,0.474159807
Great place to relax and have an awesome burger and beer.,1,positive,0.933313131
It is PERFECT for a sit-down family meal or get together with a few friends.,1,positive,0.7609635
"Not much flavor to them, and very poorly constructed.",0,negative,0.204315752
The patio seating was very comfortable.,1,positive,0.658360183
The fried rice was dry as well.,0,positive,0.719245076
Hands down my favorite Italian restaurant!,1,positive,0.666437149
"That just SCREAMS ""LEGIT"" in my book...somethat's also pretty rare here in Vegas.",1,positive,0.671996474
It was just not a fun experience.,1,negative,0.418091118
The atmosphere was great with a lovely duo of violinists playing songs we requested.,1,positive,0.958930314
"I personally love the hummus, pita, baklava, falafels and Baba Ganoush (it's amazing what they do with eggplant!).",1,positive,0.938214779
"Very convenient, since we were staying at the MGM!",1,neutral,0.566177487
The owners are super friendly and the staff is courteous.,1,positive,0.720600486
Both great!,1,positive,0.804519117
Eclectic selection.,1,positive,0.694760561
The sweet potato tots were good but the onion rings were perfection or as close as I have had.,1,negative,0.297719538
The staff was very attentive.,1,positive,0.664120018
And the chef was generous with his time (even came around twice so we can take pictures with him).,1,positive,0.907185137
"The owner used to work at Nobu, so this place is really similar for half the price.",1,negative,0.116554245
Google mediocre and I imagine Smashburger will pop up.,0,positive,0.63959372
dont go here.,0,neutral,0.526683331
I promise they won't disappoint.,1,negative,0.258367568
As a sushi lover avoid this place by all means.,0,positive,0.7119084
What a great double cheeseburger!,1,positive,0.85687387
Awesome service and food.,1,positive,0.856591165
A fantastic neighborhood gem !!!,1,positive,0.802121818
I can't wait to go back.,1,positive,0.639666378
The plantains were the worst I've ever tasted.,0,negative,0.397616953
It's a great place and I highly recommend it.,1,positive,0.906421304
Service was slow and not attentive.,0,negative,0.210895032
"I gave it 5 stars then, and I'm giving it 5 stars now.",1,positive,0.678892255
Your staff spends more time talking to themselves than me.,0,positive,0.827716291
Dessert: Panna Cotta was amazing.,1,positive,0.824433267
"Very good food, great atmosphere.1",1,positive,0.864823997
Damn good steak.,1,positive,0.669323325
Total brunch fail.,0,neutral,0.481722653
"Prices are very reasonable, flavors are spot on, the sauce is home made, and the slaw is not drenched in mayo.",1,negative,0.168927386
"The decor is nice, and the piano music soundtrack is pleasant.",1,positive,0.879810154
The steak was amazing...rge fillet relleno was the best seafood plate i have ever had!,1,positive,0.748185098
"Good food , good service .",1,positive,0.817584276
It was absolutely amazing.,1,positive,0.851266861
"I probably won't be back, to be honest.",0,negative,0.107920796
will definitely be back!,1,positive,0.847426951
The sergeant pepper beef sandwich with auju sauce is an excellent sandwich as well.,1,positive,0.924967945
"Hawaiian Breeze, Mango Magic, and Pineapple Delight are the smoothies that I've tried so far and they're all good.",1,positive,0.609953225
Went for lunch - service was slow.,0,positive,0.700010896
"We had so much to say about the place before we walked in that he expected it to be amazing, but was quickly disappointed.",0,negative,0.140379608
I was mortified.,0,neutral,0.475183368
"Needless to say, we will never be back here again.",0,neutral,0.511808097
"Anyways, The food was definitely not filling at all, and for the price you pay you should expect more.",0,positive,0.737551987
"The chips that came out were dripping with grease, and mostly not edible.",0,negative,0.400696605
I wasn't really impressed with Strip Steak.,0,negative,0.430149674
Have been going since 2007 and every meal has been awesome!!,1,neutral,0.479497403
Our server was very nice and attentive as were the other serving staff.,1,positive,0.717057526
The cashier was friendly and even brought the food out to me.,1,neutral,0.551199913
I work in the hospitality industry in Paradise Valley and have refrained from recommending Cibo any longer.,0,negative,0.225371718
The atmosphere here is fun.,1,positive,0.735223889
Would not recommend to others.,0,negative,0.438225299
"Service is quick and even ""to go"" orders are just like we like it!",1,neutral,0.580913126
"I mean really, how do you get so famous for your fish and chips when it's so terrible!?!",0,positive,0.72258383
"That said, our mouths and bellies were still quite pleased.",1,negative,0.42832309
Not my thing.,0,negative,0.235814214
2 Thumbs Up!!,1,positive,0.684191763
If you are reading this please don't go there.,0,neutral,0.574257731
"I loved the grilled pizza, reminded me of legit Italian pizza.",1,positive,0.724904954
Only Pros : Large seating area/ Nice bar area/ Great simple drink menu/ The BEST brick oven pizza with homemade dough!,1,positive,0.927641213
They have a really nice atmosphere.,1,positive,0.787448883
Tonight I had the Elk Filet special...and it sucked.,0,negative,0.404026985
"After one bite, I was hooked.",1,negative,0.312734008
We ordered some old classics and some new dishes after going there a few times and were sorely disappointed with everything.,0,positive,0.759123921
"Cute, quaint, simple, honest.",1,positive,0.792964399
The chicken was deliciously seasoned and had the perfect fry on the outside and moist chicken on the inside.,1,neutral,0.498262227
"The food was great as always, compliments to the chef.",1,positive,0.861459672
Special thanks to Dylan T. for the recommendation on what to order :) All yummy for my tummy.,1,neutral,0.51825887
Awesome selection of beer.,1,positive,0.881789327
Great food and awesome service!,1,positive,0.925829291
"One nice thing was that they added gratuity on the bill since our party was larger than 6 or 8, and they didn't expect more tip than that.",1,neutral,0.559593558
A FLY was in my apple juice.. A FLY!!!!!!!!,0,negative,0.42206338
The Han Nan Chicken was also very tasty.,1,positive,0.68501848
"As for the service, I thought it was good.",1,positive,0.724352479
"The food was barely lukewarm, so it must have been sitting waiting for the server to bring it out to us.",0,neutral,0.48118037
Ryan's Bar is definitely one Edinburgh establishment I won't be revisiting.,0,negative,0.336473167
Nicest Chinese restaurant I've been in a while.,1,positive,0.63786602
"Overall, I like there food and the service.",1,positive,0.800092816
They also now serve Indian naan bread with hummus and some spicy pine nut sauce that was out of this world.,1,positive,0.689617515
"Probably never coming back, and wouldn't recommend it.",0,negative,0.438874781
"Friend's pasta -- also bad, he barely touched it.",0,neutral,0.500743747
"Try them in the airport to experience some tasty food and speedy, friendly service.",1,positive,0.694925547
I love the decor with the Chinese calligraphy wall paper.,1,positive,0.929093122
Never had anything to complain about here.,1,negative,0.437640131
The restaurant is very clean and has a family restaurant feel to it.,1,negative,0.31050393
It was way over fried.,0,positive,0.638893902
I'm not sure how long we stood there but it was long enough for me to begin to feel awkwardly out of place.,0,negative,0.037499566
"When I opened the sandwich, I was impressed, but not in a good way.",0,negative,0.12031623
Will not be back!,0,negative,0.380016357
There was a warm feeling with the service and I felt like their guest for a special treat.,1,negative,0.444409817
An extensive menu provides lots of options for breakfast.,1,positive,0.822653294
"I always order from the vegetarian menu during dinner, which has a wide array of options to choose from.",1,negative,0.381010681
"I have watched their prices inflate, portions get smaller and management attitudes grow rapidly!",0,negative,0.412051469
Wonderful lil tapas and the ambience made me feel all warm and fuzzy inside.,1,neutral,0.504174829
"I got to enjoy the seafood salad, with a fabulous vinegrette.",1,positive,0.866879582
"The wontons were thin, not thick and chewy, almost melt in your mouth.",1,negative,0.367097318
"Level 5 spicy was perfect, where spice didn't over-whelm the soup.",1,negative,0.269572765
We were sat right on time and our server from the get go was FANTASTIC!,1,positive,0.629584312
"Main thing I didn't enjoy is that the crowd is of older crowd, around mid 30s and up.",0,negative,0.363839
"When I'm on this side of town, this will definitely be a spot I'll hit up again!",1,positive,0.665111601
I had to wait over 30 minutes to get my drink and longer to get 2 arepas.,0,negative,0.030773491
This is a GREAT place to eat!,1,positive,0.831908643
The jalapeno bacon is soooo good.,1,positive,0.693104506
The service was poor and thats being nice.,0,positive,0.682989061
"Food was good, service was good, Prices were good.",1,positive,0.835168183
The place was not clean and the food oh so stale!,0,negative,0.232414588
"The chicken dishes are OK, the beef is like shoe leather.",0,positive,0.690725446
But the service was beyond bad.,0,negative,0.261102229
"I'm so happy to be here!!!""",1,positive,0.758148253
Tasted like dirt.,0,positive,0.658964396
One of the few places in Phoenix that I would definately go back to again .,1,negative,0.442822605
The block was amazing.,1,positive,0.835932136
"It's close to my house, it's low-key, non-fancy, affordable prices, good food.",1,neutral,0.523184478
* Both the Hot & Sour & the Egg Flower Soups were absolutely 5 Stars!,1,positive,0.799534798
My sashimi was poor quality being soggy and tasteless.,0,negative,0.317518353
Great time - family dinner on a Sunday night.,1,positive,0.884168923
"the food is not tasty at all, not to say its ""real traditional Hunan style"".",0,negative,0.057442591
"What did bother me, was the slow service.",0,neutral,0.505654216
The flair bartenders are absolutely amazing!,1,positive,0.889084458
Their frozen margaritas are WAY too sugary for my taste.,0,neutral,0.490946889
These were so good we ordered them twice.,1,positive,0.662727356
So in a nutshell: 1) The restaraunt smells like a combination of a dirty fish market and a sewer.,0,positive,0.697947502
My girlfriend's veal was very bad.,0,negative,0.324257612
"Unfortunately, it was not good.",0,negative,0.078267366
I had a pretty satifying experience.,1,neutral,0.561522424
Join the club and get awesome offers via email.,1,positive,0.911839664
"Perfect for someone (me) who only likes beer ice cold, or in this case, even colder.",1,negative,0.391995311
Bland and flavorless is a good way of describing the barely tepid meat.,0,positive,0.811998904
"The chains, which I'm no fan of, beat this place easily.",0,neutral,0.537694931
The nachos are a MUST HAVE!,1,positive,0.684902847
We will not be coming back.,0,negative,0.370972902
"I don't have very many words to say about this place, but it does everything pretty well.",1,negative,0.16572088
"The staff is super nice and very quick even with the crazy crowds of the downtown juries, lawyers, and court staff.",1,positive,0.903295577
"Great atmosphere, friendly and fast service.",1,positive,0.760066688
When I received my Pita it was huge it did have a lot of meat in it so thumbs up there.,1,negative,0.392365009
Once your food arrives it's meh.,0,positive,0.813917339
Paying $7.85 for a hot dog and fries that looks like it came out of a kid's meal at the Wienerschnitzel is not my idea of a good meal.,0,negative,0.195354804
The classic Maine Lobster Roll was fantastic.,1,positive,0.706480324
"My brother in law who works at the mall ate here same day, and guess what he was sick all night too.",0,negative,0.087825201
So good I am going to have to review this place twice - once hereas a tribute to the place and once as a tribute to an event held here last night.,1,negative,0.370582968
"The chips and salsa were really good, the salsa was very fresh.",1,positive,0.827957928
This place is great!!!!!!!!!!!!!!,1,positive,0.747694254
Mediocre food.,0,positive,0.66110009
Once you get inside you'll be impressed with the place.,1,positive,0.918574572
I'm super pissd.,0,neutral,0.599181592
And service was super friendly.,1,neutral,0.567280531
Why are these sad little vegetables so overcooked?,0,negative,0.173278451
This place was such a nice surprise!,1,positive,0.813755453
They were golden-crispy and delicious.,1,positive,0.684805632
"I had high hopes for this place since the burgers are cooked over a charcoal grill, but unfortunately the taste fell flat, way flat.",0,negative,0.023190923
I could eat their bruschetta all day it is devine.,1,negative,0.411499947
Not a single employee came out to see if we were OK or even needed a water refill once they finally served us our food.,0,positive,0.619433582
"Lastly, the mozzarella sticks, they were the best thing we ordered.",1,positive,0.83339268
"The first time I ever came here I had an amazing experience, I still tell people how awesome the duck was.",1,positive,0.827026665
The server was very negligent of our needs and made us feel very unwelcome... I would not suggest this place!,0,negative,0.12908417
The service was terrible though.,0,negative,0.337847412
"This place is overpriced, not consistent with their boba, and it really is OVERPRICED!",0,negative,0.223568141
It was packed!!,0,neutral,0.594323516
I love this place.,1,positive,0.850078702
I can say that the desserts were yummy.,1,positive,0.696330667
The food was terrible.,0,neutral,0.550151527
The seasonal fruit was fresh white peach puree.,1,positive,0.741551161
It kept getting worse and worse so now I'm officially done.,0,negative,0.283722013
This place should honestly be blown up.,0,positive,0.704844832
But I definitely would not eat here again.,0,negative,0.180862889
Do not waste your money here!,0,negative,0.362163156
I love that they put their food in nice plastic containers as opposed to cramming it in little paper takeout boxes.,1,positive,0.89117974
The crêpe was delicate and thin and moist.,1,positive,0.665135503
Awful service.,0,neutral,0.57645601
Won't ever go here again.,0,negative,0.246268481
Food quality has been horrible.,0,negative,0.294322431
For that price I can think of a few place I would have much rather gone.,0,negative,0.400743932
The service here is fair at best.,0,positive,0.649548292
"I do love sushi, but I found Kabuki to be over-priced, over-hip and under-services.",0,neutral,0.458404183
Do yourself a favor and stay away from this dish.,0,positive,0.623702288
Very poor service.,0,neutral,0.516109645
No one at the table thought the food was above average or worth the wait that we had for it.,0,negative,0.44252494
"Best service and food ever, Maria our server was so good and friendly she made our day.",1,positive,0.836841524
They were excellent.,1,positive,0.70377177
I paid the bill but did not tip because I felt the server did a terrible job.,0,negative,0.05093959
Just had lunch here and had a great experience.,1,positive,0.769582093
I have never had such bland food which surprised me considering the article we read focused so much on their spices and flavor.,0,negative,0.17421627
Food is way overpriced and portions are fucking small.,0,neutral,0.5611673
I recently tried Caballero's and I have been back every week since!,1,negative,0.183281541
"for 40 bucks a head, i really expect better food.",0,neutral,0.527199805
The food came out at a good pace.,1,positive,0.826153696
"I ate there twice on my last visit, and especially enjoyed the salmon salad.",1,negative,0.301953673
I won't be back.,0,negative,0.249582067
We could not believe how dirty the oysters were!,0,negative,0.268283874
This place deserves no stars.,0,positive,0.634107411
I would not recommend this place.,0,negative,0.26652199
"In fact I'm going to round up to 4 stars, just because she was so awesome.",1,positive,0.684942961
"To my disbelief, each dish qualified as the worst version of these foods I have ever tasted.",0,negative,0.156235158
"Bad day or not, I have a very low tolerance for rude customer service people, it is your job to be nice and polite, wash dishes otherwise!!",0,negative,0.399694741
the potatoes were great and so was the biscuit.,1,positive,0.680829167
I probably would not go here again.,0,negative,0.174122423
So flavorful and has just the perfect amount of heat.,1,negative,0.403125644
The price is reasonable and the service is great.,1,positive,0.739361703
"The Wife hated her meal (coconut shrimp), and our friends really did not enjoy their meals, either.",0,negative,0.190982327
My fella got the huevos rancheros and they didn't look too appealing.,0,negative,0.095454805
"Went in for happy hour, great list of wines.",1,positive,0.832782209
Some may say this buffet is pricey but I think you get what you pay for and this place you are getting quite a lot!,1,positive,0.917959392
I probably won't be coming back here.,0,negative,0.164245397
Worst food/service I've had in a while.,0,negative,0.351638317
"This place is pretty good, nice little vibe in the restaurant.",1,positive,0.955430984
Talk about great customer service of course we will be back.,1,positive,0.905568898
"Hot dishes are not hot, cold dishes are close to room temp.I watched staff prepare food with BARE HANDS, no gloves.Everything is deep fried in oil.",0,negative,0.132757127
I love their fries and their beans.,1,positive,0.802093804
Always a pleasure dealing with him.,1,positive,0.829550982
"They have a plethora of salads and sandwiches, and everything I've tried gets my seal of approval.",1,negative,0.13505125
This place is awesome if you want something light and healthy during the summer.,1,positive,0.900600433
"For sushi on the Strip, this is the place to go.",1,positive,0.723345101
"The service was great, even the manager came and helped with our table.",1,positive,0.789820015
The feel of the dining room was more college cooking course than high class dining and the service was slow at best.,0,neutral,0.509673297
"I started this review with two stars, but I'm editing it to give it only one.",0,negative,0.379359245
this is the worst sushi i have ever eat besides Costco's.,0,negative,0.259948492
"All in all an excellent restaurant highlighted by great service, a unique menu, and a beautiful setting.",1,positive,0.964148462
My boyfriend and i sat at the bar and had a completely delightful experience.,1,negative,0.253248483
Weird vibe from owners.,0,positive,0.68002969
There was hardly any meat.,0,negative,0.424417228
I've had better bagels from the grocery store.,0,neutral,0.580848157
Go To Place for Gyros.,1,positive,0.613976002
"I love the owner/chef, his one authentic Japanese cool dude!",1,positive,0.933053613
"Now the burgers aren't as good, the pizza which used to be amazing is doughy and flavorless.",0,positive,0.633974373
I found a six inch long piece of wire in my salsa.,0,neutral,0.518289387
"The service was terrible, food was mediocre.",0,neutral,0.450849086
We definately enjoyed ourselves.,1,positive,0.775239587
I ordered Albondigas soup - which was just warm - and tasted like tomato soup with frozen meatballs.,0,positive,0.600693703
"On three different occasions I asked for well done or medium well, and all three times I got the bloodiest piece of meat on my plate.",0,positive,0.7486009
I had about two bites and refused to eat anymore.,0,negative,0.228012621
The service was extremely slow.,0,neutral,0.53490907
"After 20 minutes wait, I got a table.",0,neutral,0.593736947
Seriously killer hot chai latte.,1,positive,0.679132164
"No allergy warnings on the menu, and the waitress had absolutely no clue as to which meals did or did not contain peanuts.",0,negative,0.205380514
My boyfriend tried the Mediterranean Chicken Salad and fell in love.,1,neutral,0.542718232
Their rotating beers on tap is also a highlight of this place.,1,neutral,0.596701145
Pricing is a bit of a concern at Mellow Mushroom.,0,positive,0.712479472
Worst Thai ever.,0,neutral,0.558577657
If you stay in Vegas you must get breakfast here at least once.,1,positive,0.894377649
I want to first say our server was great and we had perfect service.,1,neutral,0.541107237
The pizza selections are good.,1,positive,0.769096255
"I had strawberry tea, which was good.",1,neutral,0.590862274
Highly unprofessional and rude to a loyal patron!,0,positive,0.687995315
"Overall, a great experience.",1,positive,0.85687387
Spend your money elsewhere.,0,positive,0.735356271
Their regular toasted bread was equally satisfying with the occasional pats of butter... Mmmm...!,1,positive,0.75596875
The Buffet at Bellagio was far from what I anticipated.,0,neutral,0.503714681
"And the drinks are WEAK, people!",0,positive,0.634649038
My order was not correct.,0,negative,0.189997971
"Also, I feel like the chips are bought, not made in house.",0,negative,0.151496515
After the disappointing dinner we went elsewhere for dessert.,0,positive,0.658814013
The chips and sals a here is amazing!!!!!!!!!!!!!!!!!!!,1,positive,0.762076616
We won't be returning.,0,negative,0.331872642
This is my new fav Vegas buffet spot.,1,positive,0.70811528
I seriously cannot believe that the owner has so many unexperienced employees that all are running around like chickens with their heads cut off.,0,negative,0.148504421
"Very, very sad.",0,neutral,0.468984127
"i felt insulted and disrespected, how could you talk and judge another human being like that?",0,neutral,0.570347905
"How can you call yourself a steakhouse if you can't properly cook a steak, I don't understand!",0,negative,0.357156008
I'm not impressed with the concept or the food.,0,neutral,0.464839488
The only thing I wasn't too crazy about was their guacamole as I don't like it puréed.,0,negative,0.045465324
"There is really nothing for me at postinos, hope your experience is better",0,negative,0.416058213
I got food poisoning here at the buffet.,0,negative,0.342625171
They brought a fresh batch of fries and I was thinking yay something warm but no!,0,negative,0.377472609
"What SHOULD have been a hilarious, yummy Christmas Eve dinner to remember was the biggest fail of the entire trip for us.",0,positive,0.773502111
"Needless to say, I won't be going back anytime soon.",0,negative,0.286920786
This place is disgusting!,0,neutral,0.50162065
"Every time I eat here, I see caring teamwork to a professional degree.",1,neutral,0.585994065
The RI style calamari was a joke.,0,positive,0.699033737
"However, there was so much garlic in the fondue, it was barely edible.",0,negative,0.227780238
"I could barely stomach the meal, but didn't complain because it was a business lunch.",0,negative,0.054415073
"It was so bad, I had lost the heart to finish it.",0,negative,0.03074033
It also took her forever to bring us the check when we asked for it.,0,neutral,0.566853881
We aren't ones to make a scene at restaurants but I just don't get it...definitely lost the love after this one!,0,negative,0.075469919
Disappointing experience.,0,neutral,0.529886723
"The food is about on par with Denny's, which is to say, not good at all.",0,negative,0.326358736
"If you want to wait for mediocre food and downright terrible service, then this is the place for you.",0,positive,0.807924449
WAAAAAAyyyyyyyyyy over rated is all I am saying.,0,negative,0.425274521
We won't be going back.,0,negative,0.24638851
The place was fairly clean but the food simply wasn't worth it.,0,neutral,0.456157118
This place lacked style!!,0,positive,0.652892411
"The sangria was about half of a glass wine full and was $12, ridiculous.",0,neutral,0.505882621
Don't bother coming here.,0,negative,0.388057798
"The meat was pretty dry, I had the sliced brisket and pulled pork.",0,neutral,0.531306028
"The building itself seems pretty neat, the bathroom is pretty trippy, but I wouldn't eat here again.",0,negative,0.379684716
It was equally awful.,0,positive,0.638859153
Probably not in a hurry to go back.,0,negative,0.121856809
very slow at seating even with reservation.,0,positive,0.604255736
Not good by any stretch of the imagination.,0,negative,0.331754386
The cashew cream sauce was bland and the vegetables were undercooked.,0,positive,0.618565261
"The chipolte ranch dipping sause was tasteless, seemed thin and watered down with no heat.",0,negative,0.309435844
"It was a bit too sweet, not really spicy enough, and lacked flavor.",0,negative,0.311210692
I was VERY disappointed!!,0,negative,0.17986083
This place is horrible and way overpriced.,0,neutral,0.4862203
"Maybe it's just their Vegetarian fare, but I've been twice and I thought it was average at best.",0,negative,0.289938062
It wasn't busy at all and now we know why.,0,negative,0.232680723
The tables outside are also dirty a lot of the time and the workers are not always friendly and helpful with the menu.,0,neutral,0.595041275
"The ambiance here did not feel like a buffet setting, but more of a douchey indoor garden for tea and biscuits.",0,negative,0.131680369
Con: spotty service.,0,positive,0.611575663
"The fries were not hot, and neither was my burger.",0,negative,0.156781241
But then they came back cold.,0,negative,0.335187167
"Then our food came out, disappointment ensued.",0,positive,0.666333795
The real disappointment was our waiter.,0,neutral,0.568340182
My husband said she was very rude... did not even apologize for the bad food or anything.,0,negative,0.04382024
The only reason to eat here would be to fill up before a night of binge drinking just to get some carbs in your stomach.,0,positive,0.684422672
"Insults, profound deuchebaggery, and had to go outside for a smoke break while serving just to solidify it.",0,negative,0.22097221
If someone orders two tacos don't' you think it may be part of customer service to ask if it is combo or ala cart?,0,positive,0.675242782
She was quite disappointed although some blame needs to be placed at her door.,0,negative,0.186493367
After all the rave reviews I couldn't wait to eat here......what a disappointment!,0,positive,0.6842224
Del Taco is pretty nasty and should be avoided if possible.,0,positive,0.717960298
It's NOT hard to make a decent hamburger.,0,negative,0.254014701
But I don't like it.,0,negative,0.194684491
Hell no will I go back,0,neutral,0.54993993
We've have gotten a much better service from the pizza place next door than the services we received from this restaurant.,0,positive,0.742983639
"I don't know what the big deal is about this place, but I won't be back ""ya'all"".",0,negative,0.035121147
I immediately said I wanted to talk to the manager but I did not want to talk to the guy who was doing shots of fireball behind the bar.,0,negative,0.004442065
The ambiance isn't much better.,0,negative,0.408982635
"Unfortunately, it only set us up for disapppointment with our entrees.",0,negative,0.277717829
The food wasn't good.,0,positive,0.612808704
"Your servers suck, wait, correction, our server Heimer sucked.",0,neutral,0.551658452
What happened next was pretty....off putting.,0,negative,0.361292988
"too bad cause I know it's family owned, I really wanted to like this place.",0,negative,0.030416163
Overpriced for what you are getting.,0,positive,0.845968127
I vomited in the bathroom mid lunch.,0,positive,0.632428646
"I kept looking at the time and it had soon become 35 minutes, yet still no food.",0,negative,0.135136813
"I have been to very few places to eat that under no circumstances would I ever return to, and this tops the list.",0,negative,0.200533003
We started with the tuna sashimi which was brownish in color and obviously wasn't fresh.,0,positive,0.774379909
Food was below average.,0,positive,0.600320935
It sure does beat the nachos at the movies but I would expect a little bit more coming from a restaurant.,0,positive,0.663024545
"All in all, Ha Long Bay was a bit of a flop.",0,positive,0.646364868
The problem I have is that they charge $11.99 for a sandwich that is no bigger than a Subway sub (which offers better and more amount of vegetables).,0,negative,0.302251935
Shrimp- When I unwrapped it (I live only 1/2 a mile from Brushfire) it was literally ice cold.,0,negative,0.248846948
"It lacked flavor, seemed undercooked, and dry.",0,positive,0.63790077
It really is impressive that the place hasn't closed down.,0,negative,0.159536779
I would avoid this place if you are staying in the Mirage.,0,positive,0.850113332
The refried beans that came with my meal were dried out and crusty and the food was bland.,0,positive,0.659500122
Spend your money and time some place else.,0,positive,0.839117944
A lady at the table next to us found a live green caterpillar In her salad.,0,positive,0.741346419
the presentation of the food was awful.,0,neutral,0.507510781
I can't tell you how disappointed I was.,0,negative,0.128287807
I think food should have flavor and texture and both were lacking.,0,positive,0.629459918
Appetite instantly gone.,0,neutral,0.552582204
Overall I was not impressed and would not go back.,0,negative,0.035003848
"The whole experience was underwhelming, and I think we'll just go to Ninja Sushi next time.",0,positive,0.638416171
"Then, as if I hadn't wasted enough of my life there, they poured salt in the wound by drawing out the time it took to bring the check.",0,negative,0.447141618
